"doy","pond","biomass_gm3"
157,"F",11.3415424497732
171,"F",71.688500727802
186,"F",90.9913169319826
199,"F",33.3089311859444
213,"F",14.1015310233682
228,"F",0
