"doy","mean_biomass","pond"
157,14.5195044588657,"F"
171,48.4411495887072,"F"
186,101.401621768744,"F"
199,73.5583298719543,"F"
213,15.3754273222981,"F"
228,22.4447513812155,"F"
