"doy","mean_biomass","pond"
157,36.3161459211808,"B"
171,150.078881233241,"B"
186,2.1989943518391,"B"
199,0.479662317728319,"B"
213,0,"B"
228,0,"B"
